0,Byeong Hun An
1,Abraham Ancer
2,Christiaan Bezuidenhout
3,Angel Cabrera
4,Rafael Cabrera Bello
5,Patrick Cantlay
6,Paul Casey
7,Cameron Champ
8,Corey Conners
9,Fred Couples
10,Jason Day
11,Bryson DeChambeau
12,Tyler Duncan
13,Tony Finau
14,Matthew Fitzpatrick
15,Tommy Fleetwood
16,Rickie Fowler
17,Dylan Frittelli
18,Sergio Garcia
19,Lucas Glover
20,Lanto Griffin
21,Adam Hadwin
22,Justin Harding
23,Tyrrell Hatton
24,Max Homa
25,Billy Horschel
26,Charles Howell III
27,Sungjae Im
28,Shugo Imahira
29,Trevor Immelman
30,Jazz Janewattananond
31,Dustin Johnson
32,Zach Johnson
33,Sung Kang
34,Si Woo Kim
35,Kevin Kisner
36,Brooks Koepka
37,Jason Kokrak
38,Matt Kuchar
39,Andrew Landry
40,Bernhard Langer
41,Nate Lashley
42,Marc Leishman
43,Shane Lowry
44,Sandy Lyle
45,Hideki Matsuyama
46,Graeme McDowell
47,Rory McIlroy
48,Phil Mickelson
49,Larry Mize
50,Francesco Molinari
51,Collin Morikawa
52,Sebastian Munoz
53,Kevin Na
54,Joaquin Niemann
55,Jose Maria Olazabal
56,Louis Oosthuizen
57,C.T. Pan
58,Victor Perez
59,J.T. Poston
60,Ian Poulter
61,Andrew Putnam
62,Jon Rahm
63,Chez Reavie
64,Patrick Reed
65,Justin Rose
66,Xander Schauffele
67,Scottie Scheffler
68,Charl Schwartzel
69,Adam Scott
70,Webb Simpson
71,Vijay Singh
72,Cameron Smith
73,Brandt Snedeker
74,Jordan Spieth
75,Henrik Stenson
76,Nick Taylor
77,Justin Thomas
78,Brendon Todd
79,Erik van Rooyen
80,Jimmy Walker
81,Matt Wallace
82,Bubba Watson
83,Mike Weir
84,Lee Westwood
85,Bernd Wiesberger
86,Danny Willett
87,Matthew Wolff
88,Gary Woodland
89,Tiger Woods
